"doc_id","from","text"
"1","ANAKIN","droid made fly master chancellor"
"2","OBI-WAN","droids inbound"
"3","OBI-WAN","split"
"4","ANAKIN","break left fly guns tower"
"5","OBI-WAN","easy bait"
"6","ANAKIN","worry coming"
"7","OBI-WAN","anakin"
"8","ANAKIN","dead ahead closing lock artoo"
"9","ANAKIN","artoo"
"10","ANAKIN","copy artoo"
"11","OBI-WAN","deck"
"12","ANAKIN","good idea room maneuver"
"13","ANAKIN","cut hear cut handle artoo lock lock"
"14","OBI-WAN","hurry"
"15","OBI-WAN","ouch"
"16","OBI-WAN","fix arfour shut"
"17","ANAKIN","locked"
"18","ANAKIN"," yeah good artoo"
"19","OBI-WAN","time bait find command ship"
"20","ANAKIN","lock artoo master general grievous's ship directly ahead"
"21","ANAKIN"," crawling vulture droids"
"22","OBI-WAN","easy"
"23","ANAKIN","master"
"24","OBI-WAN","time stake odd ball copy"
"25","ODD BALL","copy red leader"
"26","OBI-WAN","mark position form squad"
"27","ODD BALL","tail general kenobi set s-foils attack position"
"28","ANAKIN","fun begins ten vulture droids straight ahead coming left side"
"29","OBI-WAN","add tri-fighters"
"30","ANAKIN","head head"
"31","OBI-WAN","easy anakin"
"32","ODD BALL","red leader"
"33","ANAKIN","incoming"
"34","OBI-WAN",""
"35","ANAKIN",""
"36","OBI-WAN","high"
"37","ANAKIN","hang"
"38","OBI-WAN","stay swing back engage back pass"
"39","ANAKIN","coming coming tail"
"40","OBI-WAN","engage hurry droids rash"
"41","ARTOO","chirps"
"42","ARTOO","beeps"
"43","ANAKIN","back artoo good"
"44","OBI-WAN","anakin tail"
"45","ANAKIN",""
"46","OBI-WAN","closing left"
"47","ANAKIN",""
"48","OBI-WAN","break high"
"49","ANAKIN","low left"
"50","OBI-WAN","learn"
"51","ANAKIN","hang artoo obi-wan copy pull needle"
"52","OBI-WAN","dangerous jedi rule survive"
"53","ANAKIN","choice thin"
"54","OBI-WAN","steady hold break left"
"55","OBI-WAN"," anakin tight"
"56","ANAKIN","easy artoo"
"57","OBI-WAN","force ship follow"
"58","ANAKIN","wrong thought artoo"
"59","ANAKIN",""
"60","ODD BALL",""
"61","CLONE PILOT 2","wing break left break left"
"62","ANAKIN",""
"63","OBI-WAN","job head command ship"
"64","ANAKIN","missiles pull"
"65","OBI-WAN","overshot"
"66","ANAKIN","coming"
"67","OBI-WAN","arfour fancy"
"68","ANAKIN","surge power units artoo stand reverse thrusters"
"69","ANAKIN","em artoo"
"70","OBI-WAN","flying droids"
"71","OBI-WAN"," hit anakin"
"72","ANAKIN","buzz droids"
"73","OBI-WAN","arfour careful"
"74","OBI-WAN","dear shutting controls"
"75","ANAKIN","move clear shot"
"76","OBI-WAN","mission command ship chancellor running tricks"
"77","OBI-WAN",""
"78","ANAKIN","steady steady"
"79","OBI-WAN","anakin hold fire hold fire helping"
"80","ANAKIN","agree bad idea swing ease steady"
"81","OBI-WAN","wait wait thing cockpit's fogging anakin"
"82","ANAKIN","move"
"83","OBI-WAN","hold anakin killed"
"84","ANAKIN","leaving master"
"85","OBI-WAN","blast controls"
"86","ANAKIN","em artoo watch"
"87","OBI-WAN","artoo hit buzz droid's center eye"
"88","ANAKIN","yeah"
"89","OBI-WAN","great artoo"
"90","ANAKIN","stay wing general's command ship dead ahead easy pull head hangar"
"91","OBI-WAN","noticed shields"
"92","ANAKIN","master"
"93","OBI-WAN","bad feeling"
"94","OBI-WAN","artoo locate chancellor"
"95","ANAKIN","tap ship's computers"
"96","OBI-WAN","chancellor's signal coming observation platform top spire"
"97","ANAKIN","sense count dooku"
"98","OBI-WAN","sense trap"
"99","ANAKIN","move"
"100","OBI-WAN","spring trap"
"101","ANAKIN","artoo back stay ship"
"102","OBI-WAN","wait orders"
"103","GENERAL GRIEVOUS","situation captain"
"104","CAPTAIN","jedi landed main hangar bay"
"105","GENERAL GRIEVOUS","count dooku predicted"
"106","BODYGUARD I","general kenobi anakin skywalker waiting"
"107","OBI-WAN","relieve chancellor palpatine join"
"108","OBI-WAN","anakin"
"109","ANAKIN","ready"
"110","OBI-WAN","fuel slightest charge sabers send ship oblivion stopped shooting"
"111","ANAKIN","safe time"
"112","OBI-WAN","idea safe mine"
"113","ANAKIN","sealing section"
"114","OBI-WAN","droids coming"
"115","ANAKIN","moving vents"
"116","OBI-WAN","small"
"117","ANAKIN","found escape vent"
"118","OBI-WAN","anakin time jokes trouble"
"119","ANAKIN","mind master structure"
"120","ANAKIN",""
"121","OBI-WAN","hold fuel hits power dischargers"
"122","ANAKIN","blast break hull side's pressurized"
"123","OBI-WAN","learn anakin"
"124","SUPER BATTLE DROID R77","bad feeling"
"125","OBI-WAN","win learn"
"126","ANAKIN","destroyers"
"127","BATTLE DROID","drop weapons drop em"
"128","OBI-WAN","press stop button"
"129","ANAKIN",""
"130","OBI-WAN",""
"131","ANAKIN",""
"132","OBI-WAN","moving artoo artoo copy activate elevator 31174"
"133","SUPER BATTLE DROID 1",""
"134","SUPER BATTLE DROID 2","back work"
"135","OBI-WAN","artoo"
"136","OBI-WAN"," move"
"137","OBI-WAN"," artoo switch comlink artoo hear artoo gave job artoo"
"138","OBI-WAN","stop stop artoo"
"139","DROID 1","hands jedi move"
"140","DROID 2"," roger roger"
"141","SUPER BATTLE DROID 1",""
"142","OBI-WAN"," artoo copy artoo hear artoo"
"143","OBI-WAN","stop artoo stop stop"
"144","SUPER BATTLE DROID 1","hey"
"145","OBI-WAN",""
"146","SUPER BATTLE DROID 1","stupid astro droid"
"147","OBI-WAN",""
"148","ANAKIN",""
"149","OBI-WAN","artoo"
"150","ANAKIN","loose wire jokes"
"151","OBI-WAN",""
"152","ANAKIN",""
"153","OBI-WAN",""
"154","OBI-WAN","chancellor"
"155","ANAKIN",""
"156","PALPATINE","count dooku"
"157","OBI-WAN","time"
"158","ANAKIN",""
"159","PALPATINE","match sith lord"
"160","OBI-WAN","chancellor palpatine sith lords specialty"
"161","COUNT DOOKU","swords master jedi make mess things front chancellor"
"162","OBI-WAN","time dooku"
"163","COUNT DOOKU","forward"
"164","ANAKIN","powers doubled time met count"
"165","COUNT DOOKU","good pride double fall"
"166","COUNT DOOKU"," moves clumsy kenobi predictable"
"167","COUNT DOOKU"," sense great fear skywalker hate anger donâ€™t"
"168","PALPATINE","good anakin good knew kill kill"
"169","ANAKIN",""
"170","PALPATINE",""
"171","ANAKIN"," stop"
"172","PALPATINE","anakin dangerous alive"
"173","ANAKIN","unarmed prisoner"
"174","ANAKIN"," chancellor jedi"
"175","PALPATINE","natural cut arm wanted revenge time anakin remember told mother sand people leave security droids arrive"
"176","PALPATINE"," anakin time ship late"
"177","ANAKIN","broken bones breathing's"
"178","PALPATINE","leave make"
"179","ANAKIN","fate"
"180","GENERAL GRIEVOUS","prepare attack"
"181","PILOT","batteries fire fire"
"182","ANAKIN","elevator's working artoo"
"183","ANAKIN"," activate elevator 3224"
"184","ANAKIN"," artoo copy artoo"
"185","PILOT","reverse stabilizers"
"186","PILOT","magnetize magnetize"
"187","ANAKIN","wait fast"
"188","GENERAL GRIEVOUS","fire emergency booster engines"
"189","PILOT","leveling sir"
"190","ANAKIN","easy bit situation"
"191","OBI-WAN","miss"
"192","ANAKIN","hold"
"193","OBI-WAN",""
"194","OBI-WAN"," oops"
"195","ANAKIN","artoo artoo shut elevator"
"196","OBI-WAN","late jump"
"197","OBI-WAN","find hangar bay flyable"
"198","ANAKIN","artoo artoo copy"
"199","OBI-WAN","ships"
"200","ANAKIN","agree"
"201","PALPATINE",""
"202","ANAKIN",""
"203","OBI-WAN",""
"204","ANAKIN","chancellor lock waist hold"
"205","OBI-WAN","head bridge find escape pod"
"206","ANAKIN","close"
"207","OBI-WAN","close"
"208","BODYGUARD","general found jedi hallway 328"
"209","GENERAL GRIEVOUS","activate ray shields"
"210","ANAKIN","ray shields"
"211","OBI-WAN","wait minute how'd happen smarter"
"212","ANAKIN","apparently master oldest trap book distracted"
"213","OBI-WAN","sudden fault"
"214","ANAKIN","master hero"
"215","OBI-WAN","open suggestions"
"216","PALPATINE","general grievous count dooku's demise negotiate release"
"217","ANAKIN","patience"
"218","OBI-WAN","patience plan"
"219","ANAKIN","artoo moments release ray shields"
"220","ANAKIN"," problem"
"221","SUPER BATTLE DROID","move dummy ouch zap"
"222","OBI-WAN","plan"
"223","GENERAL GRIEVOUS","general kenobi negotiator waiting rescue"
"224","OBI-WAN","depends point view hah"
"225","GENERAL GRIEVOUS","anakin skywalker expecting reputation older"
"226","ANAKIN","general grievous supreme commander droid armies shorter expected"
"227","GENERAL GRIEVOUS","ahhhh jedi scum"
"228","OBI-WAN","anakin upset job"
"229","GENERAL GRIEVOUS","lightsabers make fine addition collection"
"230","OBI-WAN","time time escape"
"231","ANAKIN","artoo"
"232","GENERAL GRIEVOUS","crush make suffer"
"233","GENERAL GRIEVOUS","stay watch stations"
"234","PILOT","sir falling orbit aft control cells dead"
"235","GENERAL GRIEVOUS","stay bother ship orbit"
"236","GENERAL GRIEVOUS","lose general kenobi"
"237","PILOT","ship breaking"
"238","GENERAL GRIEVOUS","run time"
"239","PALPATINE","hull burning"
"240","GENERAL GRIEVOUS","time abandon ship"
"241","ANAKIN","escape pods launched"
"242","OBI-WAN","grievous fly cruiser"
"243","ANAKIN","land left thing"
"244","OBI-WAN",""
"245","ANAKIN","circumstances ability pilot thing irrelevant strap"
"246","OBI-WAN","steady attitude eighteen degrees"
"247","ANAKIN","pressure rising slow wreck open hatches extend flaps drag fins"
"248","OBI-WAN","temp steady hatches open flaps extended drag fins"
"249","ANAKIN","lost"
"250","OBI-WAN","worry flying half ship"
"251","ANAKIN","picking speed shift degrees slow"
"252","OBI-WAN","careful heating up-twelve thousand thirteen thousand"
"253","ANAKIN","speed"
"254","OBI-WAN","sixty-forty sixty-twenty sixty temp ten thousand thousand atmosphere"
"255","ANAKIN","grab level"
"256","OBI-WAN","steady steady"
"257","ANAKIN","easy artoo hang rough lost heat shields"
"258","OBI-WAN","thousand thousand thousand fireships left"
"259","FIRESHIP PILOT",""
"260","OBI-WAN","copy landing strip's straight ahead"
"261","ANAKIN","coming hot"
"262","OBI-WAN","easy-easy"
"263","OBI-WAN","happy landing"
"264","ANAKIN","coming master"
"265","OBI-WAN","brave politics report council poster boy"
"266","ANAKIN","hold operation idea planned led rescue operation bows time"
"267","OBI-WAN","friend forget rescued buzz droids killed count dooku rescued chancellor carrying unconscious back managed land bucket bolts safely"
"268","ANAKIN","training master deserve speeches greatness"
"269","OBI-WAN"," endless speeches anakin fair today hero deserve glorious day politicians"
"270","ANAKIN","owe saving skin tenth time"
"271","OBI-WAN","ninth time business cato neimoidia count briefing"
"272","MACE WINDU","chancellor palpatine sight"
"273","PALPATINE","jedi knights killed count dooku general grievous escaped"
"274","MACE WINDU","general grievous run hide coward"
"275","PALPATINE","true count dooku dead leader droid army assure senate vote continue war long grievous alive"
"276","MACE WINDU","jedi council make finding grievous highest priority"
"277","BAIL ORGANA","skywalker republic praise"
"278","ANAKIN","senator organa kidnapping bold move separatists mistake obi-wan advantage"
"279","C-3PO","possibly bad"
"280","C-3PO"," agree fact tune-up"
"281","BAIL ORGANA","end count dooku surely bring end war end chancellor's draconian security measures"
"282","ANAKIN","fighting continue general grievous spare parts chancellor clear"
"283","BAIL ORGANA","senate"
"284","ANAKIN","excuse"
"285","BAIL ORGANA",""
"286","PADME","anakin goodness back"
"287","ANAKIN","missed padme missed"
"288","PADME","whispers killed living unbearable dread"
"289","ANAKIN","back feels lifetime chancellor kidnapped brought back outer rim sieges"
"290","PADME","wait"
"291","ANAKIN","tired deception care married"
"292","PADME","anakin things important republic ending war love give life jedi"
"293","ANAKIN","life jedi order give life"
"294","PADME","bit patience handsome jedi"
"295","ANAKIN","trembling"
"296","PADME","excited"
"297","ANAKIN","sense"
"298","PADME",""
"299","ANAKIN","frightened"
"300","PADME","months hard felt"
"301","ANAKIN",""
"302","PADME","jealousy upsets anakin betray trust changed"
"303","ANAKIN","afraid losing padme"
"304","PADME","stop loving anakin fear losing"
"305","ANAKIN",""
"306","PADME","wonderful happened"
"307","PADME"," annie pregnant"
"308","ANAKIN","wonderful"
"309","PADME",""
"310","ANAKIN","worry happy moment happiest moment life"
"311","SUPER BATTLE DROID G21","planet secure sir population control"
"312","GENERAL GRIEVOUS","good separatist council"
"313","SUPER BATTLE DROID G21","sir"
"314","GENERAL GRIEVOUS","lord sidious"
"315","DARTH SIDIOUS","general grievous suggest move separatist leaders mustafar"
"316","GENERAL GRIEVOUS","lord"
"317","DARTH SIDIOUS","end war general promise victory assured"
"318","GENERAL GRIEVOUS","loss count dooku"
"319","DARTH SIDIOUS","death loss ensure victory apprentice younger powerful lord tyranus"
"320","ANAKIN"," thinking protecting endless nameless outer rim settlements torture battles easy longing unbearable happy moment"
"321","PADME","annie baby back home naboo lake country safe early-and fix baby's room perfect spot gardens"
"322","ANAKIN","beautiful"
"323","PADME","love"
"324","ANAKIN","love"
"325","PADME","love blinded"
"326","ANAKIN","meant"
"327","PADME","true"
"328","ANAKIN","laughed long"
"329","PADME",""
"330","PADME","anakin anakin anakin love love"
"331","PADME","anakin"
"332","PADME","bothering"
"333","ANAKIN",""
"334","ANAKIN"," remember gave"
"335","PADME","anakin long honest"
"336","ANAKIN","dream"
"337","PADME","bad"
"338","ANAKIN","mother died"
"339","PADME",""
"340","ANAKIN",""
"341","PADME",""
"342","ANAKIN","dream"
"343","ANAKIN"," die childbirth"
"344","PADME","baby"
"345","ANAKIN",""
"346","PADME","dream"
"347","ANAKIN"," real padme"
"348","PADME","anakin baby change lives doubt queen continue serve senate council discovers father expelled jedi order"
"349","ANAKIN",""
"350","PADME","anakin obi-wan"
"351","ANAKIN","told"
"352","PADME","mentor friend suspect"
"353","ANAKIN","father council"
"354","PADME","anakin"
"355","ANAKIN","baby blessing problem"
"356","YODA","premonitions premonitions hmmmm visions"
"357","ANAKIN","pain suffering death"
"358","YODA","speak"
"359","ANAKIN",""
"360","YODA"," close"
"361","ANAKIN",""
"362","YODA","careful sensing future anakin fear loss path dark side"
"363","ANAKIN","visions true master yoda"
"364","YODA","death natural part life rejoice transform force mourn miss attachment leads jealousy shadow greed"
"365","ANAKIN","master yoda"
"366","YODA","train fear lose"
"367","OBI-WAN","missed report outer rim sieges"
"368","ANAKIN","held excuse"
"369","OBI-WAN","short saleucami fallen master vos moved troops boz pity"
"370","ANAKIN","wrong"
"371","OBI-WAN","senate expected vote executive powers chancellor today"
"372","ANAKIN","deliberating action bad make easier end war"
"373","OBI-WAN","anakin careful friend palpatine"
"374","ANAKIN","careful"
"375","OBI-WAN","requested presence"
"376","ANAKIN",""
"377","OBI-WAN",""
"378","ANAKIN","inform jedi council unusual"
"379","OBI-WAN","unusual making feel uneasy aware relations council chancellor stressed"
"380","ANAKIN","council grown wary chancellor's power mine matter working save republic distrust"
"381","OBI-WAN","force grows dark anakin affected wary feelings"
"382","PALPATINE","anakin afternoon senate call direct control jedi council"
"383","ANAKIN","jedi longer report senate"
"384","PALPATINE","report personally senate unfocused conduct war bring quick end things"
"385","ANAKIN","agree jedi council"
"386","PALPATINE","times endure adjustments constitution security"
"387","ANAKIN","due respect sir council mood constitutional amendments"
"388","PALPATINE","friend case choice war won"
"389","ANAKIN","agree"
"390","PALPATINE","anakin small boy advised years proud accomplishments won battles jedi council thought lost saved life hope trust anakin"
"391","ANAKIN",""
"392","PALPATINE","son"
"393","ANAKIN",""
"394","PALPATINE","fear jedi council pushing control shrouded secrecy obsessed maintaining autonomy ideals find simply incomprehensible democracy"
"395","ANAKIN","assure jedi dedicated values republic sir"
"396","PALPATINE","actions speak loudly words depending"
"397","ANAKIN","understand"
"398","PALPATINE","eyes ears voice republic"
"399","PALPATINE"," anakin appointing personal representative jedi council"
"400","ANAKIN","master overwhelmed sir council elects members accept"
"401","PALPATINE",""
"402","BAIL ORGANA","control jedi council chancellor appointed governors oversee star systems republic"
"403","FANG ZAR","happen"
"404","BAIL ORGANA","decree posted morning"
"405","PADME","dismantle senate"
"406","MON MOTHMA","bother practical matter senate longer exists"
"407","GIDDEAN DANU","constitution shreds amendment amendment executive directives dozen day"
"408","BAIL ORGANA","thousand years democracy disappear fight"
"409","TERR TANEEL","suggesting"
"410","BAIL ORGANA","apologize sound separatist"
"411","MON MOTHMA","separatists leave republic loyalists preserve democracy republic"
"412","BAIL ORGANA","increasingly clear chancellor enemy democracy"
"413","PADME","chancellor palpatine oldest advisors served ambassador queen"
"414","GIDDEAN DANU","senator fear underestimate amount corruption hold senate"
"415","MON MOTHMA","chancellor played senators power lies takes share palpatine dictator helped"
"416","BAIL ORGANA","sit debating longer decided stop senator mon mothma putting organization"
"417","PADME","senator organa understand point leave things unsaid"
"418","BAIL ORGANA","agree discuss group agreeing"
"419","MON MOTHMA","means closest family told"
"420","PADME","agreed"
"421","MACE WINDU","anakin skywalker approved appointment council chancellor's personal representative"
"422","ANAKIN","uphold principles jedi order"
"423","YODA","appointment lightly council disturbing move chancellor palpatine"
"424","ANAKIN","understand"
"425","MACE WINDU","council grant rank master"
"426","ANAKIN","outrageous unfair powerful council master"
"427","MACE WINDU","seat young skywalker"
"428","ANAKIN","forgive master"
"429","KI-ADI-MUNDI","surveyed systems republic found sign general grievous"
"430","YODA","hiding outer rim grievous outlying systems sweep"
"431","OBI-WAN","time ships spare"
"432","MACE WINDU","ships front line"
"433","OBI-WAN","fatal droid armies regroup"
"434","YODA","master kenobi spies contact wait"
"435","KI-ADI-MUNDI","droid attack wookies"
"436","MACE WINDU","critical send attack group immediately"
"437","OBI-WAN","system afford lose main navigation route southwestern quadrant"
"438","ANAKIN","system time drive droids planet"
"439","MACE WINDU","skywalker assignment chancellor kenobi find general grievous"
"440","YODA","good relations wookies"
"441","MACE WINDU","settled yoda battalion clones reinforce wookies kashyyyk force"
"442","ANAKIN","kind nonsense put council make master history jedi insulting"
"443","OBI-WAN","calm anakin great honor council age happened listen anakin fact matter close chancellor council interferes jedi affairs"
"444","ANAKIN","swear put council"
"445","OBI-WAN","wanted friendship chancellor palpatine paid"
"446","ANAKIN",""
"447","OBI-WAN","anakin happened find delicate situation"
"448","ANAKIN","divided loyalties"
"449","OBI-WAN","warned tension council chancellor clear listen walked"
"450","ANAKIN","council upset youngest serve"
"451","OBI-WAN","anakin worry speak jealousy pride jedi thoughts dangerous dark thoughts"
"452","ANAKIN","master people confidence abilities loyalties lie"
"453","OBI-WAN","hope"
"454","ANAKIN","sense talk"
"455","OBI-WAN","anakin reason council approved appointment chancellor trusts"
"456","ANAKIN",""
"457","OBI-WAN","anakin side put situation"
"458","ANAKIN","situation"
"459","OBI-WAN","council report chancellor's dealings"
"460","ANAKIN","spy chancellor treason"
"461","OBI-WAN","war anakin jedi council sworn uphold principles republic chancellor"
"462","ANAKIN","council give assignment session"
"463","OBI-WAN","assignment record council asked approach personally"
"464","ANAKIN","chancellor bad man obi-wan befriended watched arrived"
"465","OBI-WAN","anakin allegiance senate leader managed stay office long term expired"
"466","ANAKIN","master senate demanded stay longer"
"467","OBI-WAN","feelings anakin place"
"468","ANAKIN","jedi code republic mentor friend place"
"469","OBI-WAN","council"
"470","OBI-WAN","anakin assignment enthusiasm"
"471","YODA","sway chancellor anger pride powers"
"472","MACE WINDU","dangerous putting boy handle trust"
"473","OBI-WAN","trust life"
"474","MACE WINDU",""
"475","OBI-WAN","due respect master chosen destroy sith bring balance force"
"476","MACE WINDU","prophecy"
"477","YODA","prophecy misread"
"478","OBI-WAN",""
"479","YODA","hope destroy droid armies kashyyyk force"
"480","PADME","captain"
"481","CAPTAIN TYPHO","rest lady"
"482","PADME",""
"483","MOTEE","lady"
"484","C-3PO","lady"
"485","PADME","make security droids working threepio"
"486","ANAKIN","beautiful"
"487","PADME","startled"
"488","ANAKIN","feeling"
"489","PADME","kicking"
"490","ANAKIN","boy"
"491","PADME","motherly intuition"
"492","ANAKIN","whoa kick strong girl"
"493","PADME","heard appointment anakin proud"
"494","ANAKIN","council refused accept jedi master"
"495","PADME","patience time recognize skills"
"496","ANAKIN","treat padawan learner fear power problem"
"497","PADME","anakin"
"498","ANAKIN","happening jedi order war destroying principles republic"
"499","PADME","considered wrong side"
"500","ANAKIN",""
"501","PADME","democracy thought serving longer exists republic evil fighting destroy"
"502","ANAKIN","sounding separatist"
"503","PADME","anakin war represents failure listen closer chancellor stop fighting diplomacy resume"
"504","ANAKIN","padme make motion senate kind request belongs errand boy anyone's errand boy"
"505","PADME",""
"506","ANAKIN",""
"507","PADME","shut"
"508","ANAKIN",""
"509","ANAKIN"," sense things telling"
"510","PADME","sense things telling"
"511","PADME"," hold lake naboo long ago love politics plotting war"
"512","ANAKIN","wanted chancellor"
"513","PALPATINE","anakin closer good news clone intelligence units discovered location general grievous hiding utapau system"
"514","ANAKIN","capture monster end war"
"515","PALPATINE","worry collective wisdom council select assignment choice trusted thing"
"516","ANAKIN",""
"517","PALPATINE","sit leave"
"518","PALPATINE"," anakin rely jedi council included plot"
"519","ANAKIN","understand"
"520","PALPATINE","sense suspect jedi council control republic planning betray"
"521","ANAKIN",""
"522","PALPATINE","anakin search feelings"
"523","ANAKIN","trust"
"524","PALPATINE","senate republic democracy matter"
"525","ANAKIN","admit trust shaken"
"526","PALPATINE","asked made feel dishonest"
"527","PALPATINE"," asked spy"
"528","ANAKIN",""
"529","PALPATINE","remember back early teachings anakin gain power afraid lose jedi"
"530","ANAKIN","jedi power good"
"531","PALPATINE","good point view anakin jedi point view valid dark lords sith security justice considered jedi"
"532","ANAKIN"," evil"
"533","PALPATINE"," jedi's point view sith jedi similar including quest greater power difference sith afraid dark side force powerful"
"534","ANAKIN","sith rely passion strength"
"535","PALPATINE","jedi"
"536","ANAKIN","jedi selfless care"
"537","PALPATINE","trained asked feel wrong"
"538","ANAKIN","wrong"
"539","PALPATINE","asked betray jedi code constitution friendship values motives mind clear assumptions fear losing power weakness jedi sith"
"540","PALPATINE"," hear tragedy darth plagueis wise"
"541","ANAKIN",""
"542","PALPATINE","thought story jedi sith legend darth plagueis dark lord sith powerful wise force influence midi-chlorians create life knowledge dark side cared dying"
"543","ANAKIN","save people death"
"544","PALPATINE","dark side force pathway abilities unnatural"
"545","ANAKIN","happened"
"546","PALPATINE","powerful thing afraid losing power eventually taught apprentice knew apprentice killed sleep plagueis coming ironic save death"
"547","ANAKIN","learn power"
"548","PALPATINE","jedi"
"549","KI-ADI-MUNDI","palpatine thinks general grievous utapau reports agents"
"550","MACE WINDU","chancellor information contact baron papanoida"
"551","ANAKIN","partial message intercepted diplomatic packet chairman utapau"
"552","YODA","act capture general grievous end war quickly decisively proceed"
"553","OBI-WAN","agree"
"554","ANAKIN","chancellor requested lead campaign"
"555","MACE WINDU","council make mind chancellor"
"556","KI-ADI-MUNDI","decision make"
"557","YODA","master needed experience"
"558","MACE WINDU","resources recommend send jedi master kenobi"
"559","ANAKIN","successful time met grievous"
"560","ANAKIN"," offense master stating fact"
"561","OBI-WAN","experience ways combat"
"562","YODA","obi-wan choice"
"563","KI-ADI-MUNDI","concur master kenobi"
"564","YODA","agree"
"565","MACE WINDU","council adjourned"
"566","MACE WINDU"," obi-wan prepare clone brigades quickly report true telling battle droids"
"567","CLONE COMMANDER GREE","droids started main power generators"
"568","YODA","time commander"
"569","CLONE COMMANDER GREE","sir"
"570","OBI-WAN","anakin"
"571","PADME","times happy hear accepted jedi council"
"572","OBI-WAN","deserves impatient strong willed opinionated gifted"
"573","PADME","wrong"
"574","OBI-WAN","jedi padme"
"575","PADME","good hiding feelings"
"576","OBI-WAN","anakin moody detached put difficult position chancellor's representative hoping talked"
"577","PADME","talk work"
"578","OBI-WAN","good hiding feelings"
"579","PADME","give"
"580","OBI-WAN","feels"
"581","PADME",""
"582","OBI-WAN",""
"583","PADME","talking"
"584","OBI-WAN","love padme worried"
"585","OBI-WAN"," fear relationship confused changed considerably returned"
"586","OBI-WAN"," padme telling council hope upset friends care"
"587","PADME","obi-wan"
"588","OBI-WAN",""
"589","PADME","turn war"
"590","BAIL ORGANA","absolutely thing"
"591","MON MOTHMA","hoping form alliance senate stop chancellor subverting constitution"
"592","PADME","jedi feel wise consult"
"593","BANA BREEMU","dangerous"
"594","MON MOTHMA","jedi stand"
"595","PADME","discuss trust"
"596","GIDDEAN DANU","chancellor support jedi risky"
"597","PADME","jedi happier situation"
"598","CHI EEKWAY","patience senator"
"599","FANG ZAR","senators side surely persuade chancellor"
"600","BANA BREEMU","present petition thousand chancellor things change"
"601","BAIL ORGANA","accomplish senate include jedi"
"602","ANAKIN","master"
"603","OBI-WAN","agree turn wild bantha chase"
"604","ANAKIN","master"
"605","ANAKIN"," master disappointed appreciative training arrogant apologize frustrated council friendship means"
"606","OBI-WAN","strong wise anakin proud trained small boy taught greater jedi hope saved life times remember patient anakin long council makes jedi master"
"607","OBI-WAN"," worry clones systems size utapau handle situation"
"608","ANAKIN","time"
"609","ANAKIN","obi-wan force"
"610","OBI-WAN","good-bye friend force"
"611","CLONE COMMANDER CODY","fortunately cities concentrated small continent side"
"612","OBI-WAN","distracted long"
"613","CLONE COMMANDER CODY","boss"
"614","OBI-WAN","cato neimoidia starters"
"615","CLONE COMMANDER CODY","anakin late"
"616","OBI-WAN","burden destroy droids"
"617","CLONE COMMANDER CODY","counting"
"618","PALPATINE","anakin friend"
"619","ANAKIN","grievous's head"
"620","PALPATINE","hope council make mistake"
"621","ANAKIN","council decision"
"622","JAR JAR","helloo annie good en yousa"
"623","ANAKIN","jar jar"
"624","JAR JAR","oopsin da chancellor highness sir"
"625","PALPATINE","rumors senate master kenobi fit assignment"
"626","ANAKIN","fit"
"627","PALPATINE","mind fogged influence female senator"
"628","ANAKIN","ridiculous"
"629","PALPATINE","senator"
"630","ANAKIN","impossible"
"631","PALPATINE","closest"
"632","PALPATINE"," idle senate gossip rarely true accurate master fine"
"633","OBI-WAN","save energy"
"634","PADME",""
"635","OBI-WAN","give padme give"
"636","ANAKIN","sense familiar obi-wan's"
"637","PADME","morning"
"638","ANAKIN",""
"639","PADME","worried"
"640","ANAKIN","told"
"641","PADME","friend anakin lot stress"
"642","ANAKIN",""
"643","PADME","moody"
"644","ANAKIN","moody"
"645","PADME","anakin"
"646","ANAKIN","feel lost"
"647","PADME","lost understand"
"648","ANAKIN","obi-wan council trust"
"649","PADME","trust lives obi-wan loves son"
"650","ANAKIN","something's happening jedi powerful jedi satisfied"
"651","PADME","expect"
"652","ANAKIN","found save"
"653","PADME","save"
"654","ANAKIN","nightmares"
"655","PADME","bothering"
"656","ANAKIN","lose padme"
"657","PADME","die childbirth annie promise"
"658","ANAKIN","promise powerful knowledge force dying"
"659","PADME","power anakin protect"
"660","TION MEDON","young jedi brings remote sanctuary"
"661","OBI-WAN","war"
"662","TION MEDON","war brought"
"663","OBI-WAN","kind permission fuel city base search nearby systems general grievous"
"664","TION MEDON","held hostage watching"
"665","OBI-WAN","understand"
"666","TION MEDON","tenth level thousands battle droids"
"667","OBI-WAN","people shelter warriors time"
"668","OBI-WAN"," geenine fighter back ship staying cody made contact"
"669","TION MEDON","told wanted fuel"
"670","BODYGUARD",""
"671","TION MEDON",""
"672","OBI-WAN","transportation"
"673","WRANGLER","transportation"
"674","OBI-WAN",""
"675","WRANGLER",""
"676","OBI-WAN",""
"677","WRANGLER","boga answers boga"
"678","OBI-WAN","good girl boga"
"679","GENERAL GRIEVOUS","long armies republic track sending mustafar system outer rim volcanic planet generates great deal scanning interference safe"
"680","NUTE GUNRAY","safe chancellor palpatine managed escape grip general count dooku doubts ability safe"
"681","GENERAL GRIEVOUS","thankful viceroy found grip ship waiting"
"682","OBI-WAN",""
"683","GENERAL GRIEVOUS","general kenobi bold find behavior bewildering surely realize doomed kill"
"684","GENERAL GRIEVOUS",""
"685","GENERAL GRIEVOUS","back deal jedi slime"
"686","OBI-WAN","move"
"687","GENERAL GRIEVOUS","fool trained jedi arts count dooku attack kenobi"
"688","OBI-WAN","forget trained jedi defeated count dooku"
"689","OBI-WAN","defeat droids troops"
"690","GENERAL GRIEVOUS","army realize doomed"
"691","OBI-WAN",""
"692","PALPATINE","understand reservations completely senator assure appointment governors compete duties senate"
"693","PADME","amendments constitution"
"694","PALPATINE","terrible conflict end lady guarantee return democracy"
"695","PADME","pursuing diplomatic solution war"
"696","PALPATINE","trust things senator"
"697","FANG ZAR","surely"
"698","PALPATINE","committee"
"699","PADME","behalf delegation thousand chancellor"
"700","PALPATINE","bringing attention senator"
"701","PALPATINE"," sincerity admired sense request telling"
"702","ANAKIN",""
"703","PALPATINE","trusted"
"704","ANAKIN","surely senator amidala trusted"
"705","PALPATINE","unstable times republic anakin instability opportunity senator amidala hiding eyes"
"706","ANAKIN","mistaken"
"707","PALPATINE","surprised jedi insights sensitive things"
"708","ANAKIN","simply sense betrayal senator amidala"
"709","PALPATINE","admit conflict anakin"
"710","CLONE COMMANDER CODY","master windu interrupt general kenobi made contact general grievous begun attack"
"711","MACE WINDU","commander anakin deliver report chancellor reaction give clue intentions"
"712","ANAKIN","master"
"713","MACE WINDU","sense plot destroy jedi dark side force surrounds chancellor"
"714","KI-ADI-MUNDI","give emergency powers destruction grievous removed office"
"715","MACE WINDU","dangerous move jedi council control senate order secure peaceful transition"
"716","KI-ADI-MUNDI"," replace congress senators filled greed corruption"
"717","YODA","dark place line thought carry hmmmmm great care"
"718","ANAKIN","chancellor received report master kenobi engaged general grievous"
"719","PALPATINE","hope master kenobi challenge"
"720","ANAKIN",""
"721","PALPATINE","upsetting council fully talents make jedi master"
"722","ANAKIN","knew feeling excluded council things force telling"
"723","PALPATINE","trust anakin future power strong control anakin break fog lies jedi created subtleties force"
"724","ANAKIN","ways force"
"725","PALPATINE","mentor taught force nature dark side"
"726","ANAKIN","dark side"
"727","PALPATINE","anakin understand great mystery study aspects dogmatic narrow view jedi complete wise leader embrace larger view force careful jedi anakin fear time destroy train"
"728","ANAKIN","pawn political game jedi family"
"729","PALPATINE","achieve power greater jedi learn dark side force anakin save wife death"
"730","ANAKIN",""
"731","PALPATINE","knowledge beg"
"732","ANAKIN","sith lord"
"733","PALPATINE","troubling listen continue pawn jedi council searching life greater ordinary jedi life significance conscience"
"734","ANAKIN","wrong"
"735","PALPATINE","kill"
"736","ANAKIN",""
"737","PALPATINE","feel anger focus makes stronger"
"738","ANAKIN","turn jedi council"
"739","PALPATINE","intentions plotting republic"
"740","ANAKIN","quickly discover truth"
"741","PALPATINE","great wisdom anakin power dark side power save padme"
"742","PALPATINE"," time decide fate reconsider rule galaxy good"
"743","GENERAL GRIEVOUS","prepare move orbit moments"
"744","OBI-WAN","uncivilized"
"745","ANAKIN","master windu talk"
"746","MACE WINDU","skywalker hurry received word obi-wan destroyed general grievous make chancellor returns emergency powers back senate"
"747","ANAKIN","give power learned terrible truth chancellor palpatine sith lord"
"748","MACE WINDU","sith lord"
"749","ANAKIN",""
"750","MACE WINDU",""
"751","ANAKIN","ways force trained dark side"
"752","MACE WINDU",""
"753","ANAKIN","absolutely"
"754","MACE WINDU","worst fears realized move quickly jedi order survive"
"755","ANAKIN","master chancellor powerful arrest"
"756","MACE WINDU","good stay affair sense great deal confusion young skywalker fear clouds judgment"
"757","ANAKIN","master"
"758","MACE WINDU","told true gained trust remain"
"759","ANAKIN","master"
"760","MACE WINDU","wait council chamber return"
"761","ANAKIN","master"
"762","PALPATINE"," jedi destroy chance saving lost"
"763","PADME","deeply love die"
"764","C-3PO","lady"
"765","ANAKIN","die"
"766","PALPATINE","master windu general grievous destroyed sooner expected"
"767","MACE WINDU","galactic senate republic arrest chancellor"
"768","PALPATINE","threatening master jedi"
"769","MACE WINDU","senate decide fate"
"770","PALPATINE","senate"
"771","MACE WINDU",""
"772","PALPATINE","treason"
"773","MACE WINDU","arrest lord"
"774","PALPATINE","anakin told jedi taking"
"775","MACE WINDU","fool oppression sith return plot regain control republic lost"
"776","PALPATINE","die"
"777","PALPATINE","traitor anakin"
"778","MACE WINDU","traitor stop"
"779","PALPATINE","senses boy jedi revolt betray betrayed"
"780","MACE WINDU","aarrrrggghhhhh"
"781","PALPATINE","anakin kill"
"782","MACE WINDU","aarrrrggghhhhh"
"783","PALPATINE","pathway power power save love choose stop"
"784","MACE WINDU","listen anakin"
"785","PALPATINE","kill hold longer ahhhhhhh ahhhhhhh ahhhhhhh"
"786","PALPATINE","give weak weak kill give dying hold longer"
"787","MACE WINDU","sith disease end"
"788","ANAKIN","kill master stand trial"
"789","MACE WINDU","control senate courts dangerous alive"
"790","PALPATINE","weak kill"
"791","ANAKIN","jedi"
"792","ANAKIN"," live"
"793","PALPATINE",""
"794","ANAKIN",""
"795","PALPATINE",""
"796","ANAKIN",""
"797","PALPATINE","power unlimited power"
"798","ANAKIN",""
"799","PALPATINE","fulfilling destiny anakin apprentice learn dark side force"
"800","ANAKIN",""
"801","PALPATINE","good"
"802","ANAKIN","save padme's life live die power stop death"
"803","PALPATINE","cheat death power achieved work discover secret"
"804","ANAKIN","pledge teachings ways sith"
"805","PALPATINE","good good force strong powerful sith henceforth darth vader"
"806","ANAKIN","master"
"807","PALPATINE","rise darth vader"
"808","PALPATINE","council trust young apprentice jedi knowledge plot jedi learn transpired kill senators"
"809","ANAKIN","agree jedi's move senate"
"810","PALPATINE","single jedi including friend obi-wan kenobi enemy republic understand"
"811","ANAKIN","understand master"
"812","PALPATINE","move quickly jedi relentless"
"813","ANAKIN","jedi spread galaxy"
"814","PALPATINE","betrayal dealt killed jedi temple mustafar system wipe viceroy gunray separatist leaders sith rule galaxy peace"
"815","OBI-WAN","commander contact troops move higher levels"
"816","CLONE COMMANDER CODY","good sir"
"817","CLONE COMMANDER CODY"," needing"
"818","OBI-WAN","cody move battle win"
"819","CLONE COMMANDER CODY","sir"
"820","DARTH SIDIOUS","commander cody time execute order sixty-six"
"821","CLONE COMMANDER CODY","lord"
"822","CLONE COMMANDER CODY","blast"
"823","DARTH SIDIOUS","commander 1138"
"824","CLONE COMMANDER BACARA","sir"
"825","DARTH SIDIOUS","time execute order sixty-six"
"826","CLONE COMMANDER BACARA","lord"
"827","AAYLA","steady steady"
"828","AAYLA"," bly droids"
"829","BLY",""
"830","DARTH SIDIOUS","execute order sixty-six"
"831","CLONE PILOT","lord"
"832","PLO KOON","land nearest platform"
"833","CLONE COMMANDER GREE","lord"
"834","DARTH SIDIOUS","time execute order sixty-six"
"835","CLONE COMMANDER GREE","lord"
"836","YOUNGLINGS","master skywalker"
"837","C-3PO","chancellor's office master anakin returned jedi temple worry lady"
"838","BAIL ORGANA",""
"839","CLONE SERGEANT","rebellion worry sir situation control"
"840","CLONE SERGEANT"," sir allowed entry"
"841","CLONE SERGEANT"," time leave sir"
"842","BAIL ORGANA",""
"843","CLONE COMMANDER APPO","shoot"
"844","AT-ST CLONE SERGEANT",""
"845","CLONE SERGEANT","wookies dead move east"
"846","CLONE TROOPER","sir"
"847","YODA","good-bye chewbacca tarfful miss good friends gratitude respect"
"848","ROYAL GUARD","identification"
"849","BAIL ORGANA","senator bail organa alderaan"
"850","BAIL ORGANA","hold jedi homing beacon"
"851","CAPTAIN ANTILLES","sir encountered opposition clones bit confused appears command"
"852","BAIL ORGANA","change intercept jedi walk catastrophe"
"853","CLONE CAPTAIN","find kenobi"
"854","CLONE TROOPER","survived fall"
"855","CLONE CAPTAIN","start loading men ship"
"856","CLONE TROOPER","sir"
"857","OBI-WAN","emergency code thirteen contact frequency jedi"
"858","BAIL ORGANA","kenobi"
"859","OBI-WAN"," locked repeat"
"860","BAIL ORGANA","master kenobi"
"861","OBI-WAN","senator organa clone troops turned"
"862","BAIL ORGANA","rescued master yoda appears ambush happened sending coordinates"
"863","C-3PO","lady jedi fighter docking veranda"
"864","C-3PO","hush loud"
"865","PADME","heard attack jedi temple smoke"
"866","ANAKIN","fine fine baby safe"
"867","PADME","captain typho's safe happening"
"868","C-3PO",""
"869","C-3PO"," anymore confused"
"870","ANAKIN","situation good jedi overthrow republic"
"871","PADME",""
"872","ANAKIN","true master windu attempt assassinate chancellor"
"873","C-3PO","important heard rumor banish droids"
"874","C-3PO"," shhhhhh loud"
"875","C-3PO",""
"876","PADME","anakin"
"877","ANAKIN","betray republic loyalties lie chancellor senate"
"878","PADME","obi-wan"
"879","ANAKIN","jedi killed hope remained loyal chancellor"
"880","PADME","happened"
"881","ANAKIN","republic unstable padme jedi advantage situation traitors senate"
"882","PADME",""
"883","ANAKIN","distance friends senate chancellor dealt conflict"
"884","PADME","start inquisition opposed war suspect"
"885","ANAKIN","happen"
"886","PADME","anakin afraid"
"887","ANAKIN","faith love set chancellor important mission separatists gathered mustafar system end war wait return things promise"
"888","ANAKIN"," wait"
"889","PADME",""
"890","C-3PO","lot stress artoo"
"891","C-3PO"," care friend"
"892","C-3PO"," lady"
"893","PADME","threepio"
"894","C-3PO","snack"
"895","PADME",""
"896","C-3PO","feel helpless"
"897","BAIL ORGANA","made"
"898","YODA","master kenobi dark times good"
"899","OBI-WAN","attacked clones"
"900","YODA","wookies barely escape"
"901","OBI-WAN","jedi managed survive"
"902","YODA","heard"
"903","BAIL ORGANA","thousands troops attack jedi temple yoda"
"904","OBI-WAN","contact temple"
"905","YODA","received coded retreat message"
"906","BAIL ORGANA","requests jedi return temple war"
"907","OBI-WAN","back stragglers fall trap killed"
"908","BAIL ORGANA","dangerous return"
"909","YODA","suggest dismantling coded signal"
"910","OBI-WAN","master stake clearer picture happened"
"911","YODA","agree dark place find knowledge light"
"912","NUTE GUNRAY","plan promised lord"
"913","DARTH SIDIOUS","viceroy apprentice darth vader arrives care"
"914","COLTON","receiving message chancellor's office sir"
"915","BAIL ORGANA","send"
"916","COLTON","sir"
"917","MAS AMEDDA","senator organa supreme chancellor republic requests presence special session congress"
"918","BAIL ORGANA","chancellor"
"919","MAS AMEDDA","expecting"
"920","BAIL ORGANA","trap"
"921","OBI-WAN","chancellor control thousands star systems keeping senate intact"
"922","YODA","special session congress easier enter jedi temple"
"923","GUARD","back senator clearance"
"924","BAIL ORGANA",""
"925","GUARD","proceed custody jedi"
"926","OBI-WAN","stayed senator"
"927","GUARD","stayed"
"928","ANAKIN","artoo stay ship"
"929","NUTE GUNRAY","lord vader expecting"
"930","OBI-WAN","battalions clone troopers level dressed jedi"
"931","YODA","dismantle coded signal quickly group back discovered"
"932","PALPATINE"," jedi rebellion foiled"
"933","BAIL ORGANA","held happening"
"934","PADME","chancellor elaborating plot jedi overthrow senate"
"935","BAIL ORGANA","true"
"936","PADME","presenting evidence afternoon"
"937","BAIL ORGANA","senate"
"938","PALPATINE","remaining jedi hunted defeated collaborators suffer fate times passed test"
"939","OBI-WAN","younglings survived"
"940","YODA","killed clones padawan lightsaber"
"941","OBI-WAN",""
"942","PALPATINE","attempt life left scarred deformed assure resolve stronger"
"943","PALPATINE","war separatists defeated jedi rebellion foiled stand threshold beginning"
"944","PADME","moment discover intends return republic democracy"
"945","PALPATINE","order ensure security continuing stability republic reorganized galactic empire safe secure society assure ten thousand years"
"946","PALPATINE"," empire continue ruled august body sovereign ruler chosen life"
"947","PALPATINE"," empire ruled majority ruled constitution"
"948","PADME","liberty dies thunderous applause"
"949","BAIL ORGANA","happen"
"950","PADME","time"
"951","NUTE GUNRAY","war lord sidious promised peace"
"952","OBI-WAN","recalibrated code warning surviving jedi stay"
"953","YODA","good clones discover recalibration long time change back longer hurry"
"954","OBI-WAN","wait master"
"955","YODA","security recordings pain find"
"956","OBI-WAN","truth master"
"957","OBI-WAN",""
"958","ANAKIN","traitors care lord sidious"
"959","DARTH SIDIOUS","good good apprentice feel power growing"
"960","ANAKIN","master"
"961","DARTH SIDIOUS","lord vader bring peace empire"
"962","OBI-WAN","watch"
"963","YODA","destroy sith"
"964","OBI-WAN","send kill emperor kill anakin"
"965","YODA","fight lord sidious strong"
"966","OBI-WAN","brother"
"967","YODA","twisted dark side young skywalker boy trained consumed darth vader"
"968","OBI-WAN",""
"969","YODA","question time"
"970","OBI-WAN","emperor"
"971","YODA","feelings obi-wan find visit emperor task force"
"972","OBI-WAN","force master yoda"
"973","C-3PO","master kenobi quickly"
"974","OBI-WAN","anakin"
"975","C-3PO","attack jedi temple"
"976","PADME","master kenobi"
"977","PADME"," obi-wan goodness alive"
"978","OBI-WAN","republic fallen padme jedi order"
"979","PADME","hard dedicated lives"
"980","OBI-WAN","part plot hundreds years making"
"981","PADME","senate intact hope"
"982","OBI-WAN","padme sith rule galaxy republic"
"983","PADME","sith"
"984","OBI-WAN","anakin time"
"985","PADME","yesterday"
"986","OBI-WAN",""
"987","PADME",""
"988","OBI-WAN","padme grave danger"
"989","PADME","sith"
"990","OBI-WAN","padme anakin turned dark side"
"991","PADME","wrong"
"992","OBI-WAN","security hologram killing younglings"
"993","PADME","anakin"
"994","OBI-WAN","deceived lie appears chancellor including war palpatine sith lord death count dooku anakin apprentice"
"995","PADME",""
"996","OBI-WAN","padme find"
"997","PADME","kill"
"998","OBI-WAN","great threat"
"999","PADME",""
"1000","OBI-WAN","anakin father"
"1001","OBI-WAN",""
"1002","CAPTAIN TYPHO","lady"
"1003","PADME","danger fighting personal"
"1004","CAPTAIN TYPHO","lady strongly disagree"
"1005","PADME","captain"
"1006","PADME"," threepio"
"1007","C-3PO","dear"
"1008","C-3PO","green light beginning hang flying business"
"1009","DARTH VADER","separatists care master"
"1010","DARTH SIDIOUS","finished restored peace justice galaxy lord vader"
"1011","DARTH VADER","master"
"1012","DARTH SIDIOUS","send message ships trade federation separatist leaders wiped grievous dooku destroyed droid units shut immediately"
"1013","DARTH VADER","good lord"
"1014","ANAKIN","padme ship"
"1015","PADME","anakin"
"1016","ANAKIN","safe"
"1017","PADME","worried obi-wan told terrible things"
"1018","ANAKIN","things"
"1019","PADME","turned dark side killed younglings"
"1020","ANAKIN","obi-wan turn"
"1021","PADME","cares"
"1022","ANAKIN",""
"1023","PADME",""
"1024","ANAKIN","obi-wan protect strong"
"1025","PADME","anakin love"
"1026","ANAKIN","love save padme powers"
"1027","PADME","cost good person"
"1028","ANAKIN","lose lost mother powerful jedi dreamed protect"
"1029","PADME","raise child leave"
"1030","ANAKIN","run anymore brought peace republic powerful chancellor overthrow rule galaxy make things"
"1031","PADME","hearing obi-wan changed"
"1032","ANAKIN","hear obi-wan jedi turned turn"
"1033","PADME","anymore anakin breaking heart stop loving path follow"
"1034","ANAKIN","obi-wan"
"1035","PADME","plan stop stop back love"
"1036","ANAKIN","liar"
"1037","PADME",""
"1038","ANAKIN","betrayed brought kill"
"1039","PADME","anakin swear"
"1040","OBI-WAN","anakin"
"1041","ANAKIN",""
"1042","OBI-WAN",""
"1043","ANAKIN","turned"
"1044","OBI-WAN",""
"1045","ANAKIN",""
"1046","OBI-WAN","anger lust power"
"1047","OBI-WAN"," allowed dark lord twist mind thing swore destroy"
"1048","ANAKIN","lecture obi-wan lies jedi fear dark side brought peace justice freedom security empire"
"1049","OBI-WAN","empire"
"1050","ANAKIN","make kill"
"1051","OBI-WAN","anakin allegiance republic democracy"
"1052","ANAKIN","enemy"
"1053","OBI-WAN","sith lord deals absolutes"
"1054","ANAKIN",""
"1055","YODA","hear apprentice emperor call darth sidious"
"1056","DARTH SIDIOUS","master yoda survived"
"1057","YODA","surprised"
"1058","DARTH SIDIOUS","arrogance blinds master yoda experience full power dark side"
"1059","C-3PO","hurt wait"
"1060","DARTH SIDIOUS","waited long time moment green friend jedi"
"1061","YODA","lord sidious"
"1062","YODA"," end rule short"
"1063","YODA"," powerful leave"
"1064","DARTH SIDIOUS","stop darth vader powerful"
"1065","YODA","faith apprentice misplaced faith dark side force"
"1066","ANAKIN","make destroy master match dark side"
"1067","OBI-WAN","heard anakin thought hear"
"1068","OBI-WAN"," flaw power arrogance"
"1069","ANAKIN","hesitate flaw compassion"
"1070","YODA","destroy master kenobi apprentice destroy"
"1071","YODA","hurry careful timing"
"1072","BAIL ORGANA","troops side activate homing beacon ready"
"1073","CLONE COMMANDER THIRE","sign body sir"
"1074","MAS AMEDDA","dead"
"1075","PALPATINE","double search"
"1076","CLONE COMMANDER THIRE","sir sir"
"1077","PALPATINE","captain kagi prepare shuttle takeoff"
"1078","MAS AMEDDA","master"
"1079","PALPATINE","sense lord vader danger"
"1080","YODA","exile failed"
"1081","C-3PO","careful good hold worried back hope hold weight"
"1082","OBI-WAN","failed anakin teach"
"1083","ANAKIN","jedi plotting"
"1084","OBI-WAN","sith anakin chancellor palpatine evil"
"1085","ANAKIN","jedi point view point view jedi evil"
"1086","OBI-WAN","lost"
"1087","ANAKIN","end master"
"1088","OBI-WAN","anakin high ground"
"1089","ANAKIN","underestimate power"
"1090","OBI-WAN",""
"1091","OBI-WAN"," chosen destroy sith join bring balance force leave darkness"
"1092","ANAKIN","hate"
"1093","OBI-WAN","brother anakin loved"
"1094","C-3PO","master kenobi miss padme board hurry leave dreadful place"
"1095","PADME","obi-wan anakin"
"1096","DARTH SIDIOUS","anakin anakin alive medical capsule immediately"
"1097","CLONE CAPTAIN","sir"
"1098","BAIL ORGANA","excuse master yoda obi-wan kenobi made contact"
"1099","BAIL ORGANA","medical center quickly"
"1100","MEDICAL DROID","medically completely healthy reasons explain losing"
"1101","OBI-WAN","dying"
"1102","MEDICAL DROID","lost live operate quickly save babies"
"1103","BAIL ORGANA","babies"
"1104","MEDICAL DROID","carrying twins"
"1105","YODA","save hope"
"1106","C-3PO","kind reproductive process"
"1107","OBI-WAN","give padme"
"1108","MEDICAL DROID","boy"
"1109","PADME","luke"
"1110","MEDICAL DROID"," girl"
"1111","PADME"," leia"
"1112","OBI-WAN","twins padme hang"
"1113","PADME",""
"1114","OBI-WAN","save energy"
"1115","PADME","obi-wan good"
"1116","MEDICAL DROID","lord construction finished lives"
"1117","DARTH SIDIOUS","good good"
"1118","DARTH SIDIOUS"," lord vader hear"
"1119","DARTH VADER","master"
"1120","DARTH VADER"," padme safe"
"1121","DARTH SIDIOUS","afraid died anger killed"
"1122","DARTH VADER","alive felt alive impossible nooo"
"1123","YODA","pregnant hidden safe children"
"1124","OBI-WAN","sith sense presence"
"1125","YODA","split"
"1126","BAIL ORGANA","wife girl talked adopting baby girl loved"
"1127","OBI-WAN","boy"
"1128","YODA","tatooine family send"
"1129","OBI-WAN","child watch master yoda anakin's twins defeat darth sidious"
"1130","YODA","strong force runs skywalker line hope time disappear"
"1131","YODA"," master kenobi wait moment solitude tatooine training"
"1132","OBI-WAN","training"
"1133","YODA","friend learned path immortality"
"1134","OBI-WAN",""
"1135","YODA","returned netherworld force train master qui-gon jinn"
"1136","OBI-WAN","qui-gon accomplish"
"1137","YODA","secret ancient order whills studied commune teach"
"1138","OBI-WAN","talk"
"1139","YODA","join force train consciousness retain force physical"
"1140","BAIL ORGANA","captain antilles"
"1141","CAPTAIN ANTILLES","highness"
"1142","BAIL ORGANA","placing droids care treat clean protocol droid's mind wiped"
"1143","C-3PO",""
